{"frames": {

"down":
{
	"frame": {"x":2,"y":2,"w":42,"h":42},
	"rotated": false,
	"trimmed": false,
	"spriteSourceSize": {"x":0,"y":0,"w":42,"h":42},
	"sourceSize": {"w":42,"h":42}
},
"over":
{
	"frame": {"x":46,"y":2,"w":42,"h":42},
	"rotated": false,
	"trimmed": false,
	"spriteSourceSize": {"x":0,"y":0,"w":42,"h":42},
	"sourceSize": {"w":42,"h":42}
},
"up":
{
	"frame": {"x":2,"y":46,"w":42,"h":42},
	"rotated": false,
	"trimmed": false,
	"spriteSourceSize": {"x":0,"y":0,"w":42,"h":42},
	"sourceSize": {"w":42,"h":42}
}},
"meta": {
	"app": "http://www.codeandweb.com/texturepacker ",
	"version": "1.0",
	"image": "fullscreen.png",
	"format": "RGBA8888",
	"size": {"w":128,"h":128},
	"scale": "1",
	"smartupdate": "$TexturePacker:SmartUpdate:ebb4ab9f6dc333208285ea75d28d29da:9c10da22a188b408884572615e8d59c6:1b6810325ac59fe38bf04458a6a042d2$"
}
}
