{"frames": {

"down":
{
	"frame": {"x":2,"y":2,"w":180,"h":60},
	"rotated": false,
	"trimmed": false,
	"spriteSourceSize": {"x":0,"y":0,"w":180,"h":60},
	"sourceSize": {"w":180,"h":60}
},
"over":
{
	"frame": {"x":2,"y":64,"w":180,"h":60},
	"rotated": false,
	"trimmed": false,
	"spriteSourceSize": {"x":0,"y":0,"w":180,"h":60},
	"sourceSize": {"w":180,"h":60}
},
"up":
{
	"frame": {"x":2,"y":126,"w":180,"h":60},
	"rotated": false,
	"trimmed": false,
	"spriteSourceSize": {"x":0,"y":0,"w":180,"h":60},
	"sourceSize": {"w":180,"h":60}
}},
"meta": {
	"app": "http://www.codeandweb.com/texturepacker ",
	"version": "1.0",
	"image": "start.png",
	"format": "RGBA8888",
	"size": {"w":256,"h":256},
	"scale": "1",
	"smartupdate": "$TexturePacker:SmartUpdate:44c30b050f3279a4ec0036046254ba54:dadcf97352247b016cac1f2551fab00c:a1adc19a587f5099be71dba01527eb7d$"
}
}
